title,description,label
Stocks rally on Fed news #1,Wall Street stocks surged after Federal Reserve announced interest rate decision.,Business
Lakers win championship #2,Los Angeles Lakers defeated Boston Celtics in game 7 to win NBA championship.,Sports
New AI breakthrough announced #3,Researchers at MIT developed a new machine learning algorithm that outperforms previous methods.,Science/Technology
UN summit addresses climate #4,World leaders gathered at UN headquarters to discuss climate change mitigation strategies.,World
Tech earnings exceed expectations #5,Apple and Microsoft reported quarterly earnings above analyst predictions.,Business
Olympic records broken #6,Multiple world records were broken at the Summer Olympics in track and field events.,Sports
SpaceX launches satellite #7,SpaceX successfully launched another batch of Starlink satellites into orbit.,Science/Technology
Peace talks resume in Middle East #8,Diplomatic negotiations continue between regional powers seeking stability.,World
Stocks rally on Fed news #9,Wall Street stocks surged after Federal Reserve announced interest rate decision.,Business
Lakers win championship #10,Los Angeles Lakers defeated Boston Celtics in game 7 to win NBA championship.,Sports
New AI breakthrough announced #11,Researchers at MIT developed a new machine learning algorithm that outperforms previous methods.,Science/Technology
UN summit addresses climate #12,World leaders gathered at UN headquarters to discuss climate change mitigation strategies.,World
Tech earnings exceed expectations #13,Apple and Microsoft reported quarterly earnings above analyst predictions.,Business
Olympic records broken #14,Multiple world records were broken at the Summer Olympics in track and field events.,Sports
SpaceX launches satellite #15,SpaceX successfully launched another batch of Starlink satellites into orbit.,Science/Technology
Peace talks resume in Middle East #16,Diplomatic negotiations continue between regional powers seeking stability.,World
Stocks rally on Fed news #17,Wall Street stocks surged after Federal Reserve announced interest rate decision.,Business
Lakers win championship #18,Los Angeles Lakers defeated Boston Celtics in game 7 to win NBA championship.,Sports
New AI breakthrough announced #19,Researchers at MIT developed a new machine learning algorithm that outperforms previous methods.,Science/Technology
UN summit addresses climate #20,World leaders gathered at UN headquarters to discuss climate change mitigation strategies.,World
Tech earnings exceed expectations #21,Apple and Microsoft reported quarterly earnings above analyst predictions.,Business
Olympic records broken #22,Multiple world records were broken at the Summer Olympics in track and field events.,Sports
SpaceX launches satellite #23,SpaceX successfully launched another batch of Starlink satellites into orbit.,Science/Technology
Peace talks resume in Middle East #24,Diplomatic negotiations continue between regional powers seeking stability.,World
Stocks rally on Fed news #25,Wall Street stocks surged after Federal Reserve announced interest rate decision.,Business
Lakers win championship #26,Los Angeles Lakers defeated Boston Celtics in game 7 to win NBA championship.,Sports
New AI breakthrough announced #27,Researchers at MIT developed a new machine learning algorithm that outperforms previous methods.,Science/Technology
UN summit addresses climate #28,World leaders gathered at UN headquarters to discuss climate change mitigation strategies.,World
Tech earnings exceed expectations #29,Apple and Microsoft reported quarterly earnings above analyst predictions.,Business
Olympic records broken #30,Multiple world records were broken at the Summer Olympics in track and field events.,Sports
SpaceX launches satellite #31,SpaceX successfully launched another batch of Starlink satellites into orbit.,Science/Technology
Peace talks resume in Middle East #32,Diplomatic negotiations continue between regional powers seeking stability.,World
Stocks rally on Fed news #33,Wall Street stocks surged after Federal Reserve announced interest rate decision.,Business
Lakers win championship #34,Los Angeles Lakers defeated Boston Celtics in game 7 to win NBA championship.,Sports
New AI breakthrough announced #35,Researchers at MIT developed a new machine learning algorithm that outperforms previous methods.,Science/Technology
UN summit addresses climate #36,World leaders gathered at UN headquarters to discuss climate change mitigation strategies.,World
Tech earnings exceed expectations #37,Apple and Microsoft reported quarterly earnings above analyst predictions.,Business
Olympic records broken #38,Multiple world records were broken at the Summer Olympics in track and field events.,Sports
SpaceX launches satellite #39,SpaceX successfully launched another batch of Starlink satellites into orbit.,Science/Technology
Peace talks resume in Middle East #40,Diplomatic negotiations continue between regional powers seeking stability.,World
Stocks rally on Fed news #41,Wall Street stocks surged after Federal Reserve announced interest rate decision.,Business
Lakers win championship #42,Los Angeles Lakers defeated Boston Celtics in game 7 to win NBA championship.,Sports
New AI breakthrough announced #43,Researchers at MIT developed a new machine learning algorithm that outperforms previous methods.,Science/Technology
UN summit addresses climate #44,World leaders gathered at UN headquarters to discuss climate change mitigation strategies.,World
Tech earnings exceed expectations #45,Apple and Microsoft reported quarterly earnings above analyst predictions.,Business
Olympic records broken #46,Multiple world records were broken at the Summer Olympics in track and field events.,Sports
SpaceX launches satellite #47,SpaceX successfully launched another batch of Starlink satellites into orbit.,Science/Technology
Peace talks resume in Middle East #48,Diplomatic negotiations continue between regional powers seeking stability.,World
Stocks rally on Fed news #49,Wall Street stocks surged after Federal Reserve announced interest rate decision.,Business
Lakers win championship #50,Los Angeles Lakers defeated Boston Celtics in game 7 to win NBA championship.,Sports
New AI breakthrough announced #51,Researchers at MIT developed a new machine learning algorithm that outperforms previous methods.,Science/Technology
UN summit addresses climate #52,World leaders gathered at UN headquarters to discuss climate change mitigation strategies.,World
Tech earnings exceed expectations #53,Apple and Microsoft reported quarterly earnings above analyst predictions.,Business
Olympic records broken #54,Multiple world records were broken at the Summer Olympics in track and field events.,Sports
SpaceX launches satellite #55,SpaceX successfully launched another batch of Starlink satellites into orbit.,Science/Technology
Peace talks resume in Middle East #56,Diplomatic negotiations continue between regional powers seeking stability.,World
Stocks rally on Fed news #57,Wall Street stocks surged after Federal Reserve announced interest rate decision.,Business
Lakers win championship #58,Los Angeles Lakers defeated Boston Celtics in game 7 to win NBA championship.,Sports
New AI breakthrough announced #59,Researchers at MIT developed a new machine learning algorithm that outperforms previous methods.,Science/Technology
UN summit addresses climate #60,World leaders gathered at UN headquarters to discuss climate change mitigation strategies.,World
Tech earnings exceed expectations #61,Apple and Microsoft reported quarterly earnings above analyst predictions.,Business
Olympic records broken #62,Multiple world records were broken at the Summer Olympics in track and field events.,Sports
SpaceX launches satellite #63,SpaceX successfully launched another batch of Starlink satellites into orbit.,Science/Technology
Peace talks resume in Middle East #64,Diplomatic negotiations continue between regional powers seeking stability.,World
Stocks rally on Fed news #65,Wall Street stocks surged after Federal Reserve announced interest rate decision.,Business
Lakers win championship #66,Los Angeles Lakers defeated Boston Celtics in game 7 to win NBA championship.,Sports
New AI breakthrough announced #67,Researchers at MIT developed a new machine learning algorithm that outperforms previous methods.,Science/Technology
UN summit addresses climate #68,World leaders gathered at UN headquarters to discuss climate change mitigation strategies.,World
Tech earnings exceed expectations #69,Apple and Microsoft reported quarterly earnings above analyst predictions.,Business
Olympic records broken #70,Multiple world records were broken at the Summer Olympics in track and field events.,Sports
SpaceX launches satellite #71,SpaceX successfully launched another batch of Starlink satellites into orbit.,Science/Technology
Peace talks resume in Middle East #72,Diplomatic negotiations continue between regional powers seeking stability.,World
Stocks rally on Fed news #73,Wall Street stocks surged after Federal Reserve announced interest rate decision.,Business
Lakers win championship #74,Los Angeles Lakers defeated Boston Celtics in game 7 to win NBA championship.,Sports
New AI breakthrough announced #75,Researchers at MIT developed a new machine learning algorithm that outperforms previous methods.,Science/Technology
UN summit addresses climate #76,World leaders gathered at UN headquarters to discuss climate change mitigation strategies.,World
Tech earnings exceed expectations #77,Apple and Microsoft reported quarterly earnings above analyst predictions.,Business
Olympic records broken #78,Multiple world records were broken at the Summer Olympics in track and field events.,Sports
SpaceX launches satellite #79,SpaceX successfully launched another batch of Starlink satellites into orbit.,Science/Technology
Peace talks resume in Middle East #80,Diplomatic negotiations continue between regional powers seeking stability.,World
Stocks rally on Fed news #81,Wall Street stocks surged after Federal Reserve announced interest rate decision.,Business
Lakers win championship #82,Los Angeles Lakers defeated Boston Celtics in game 7 to win NBA championship.,Sports
New AI breakthrough announced #83,Researchers at MIT developed a new machine learning algorithm that outperforms previous methods.,Science/Technology
UN summit addresses climate #84,World leaders gathered at UN headquarters to discuss climate change mitigation strategies.,World
Tech earnings exceed expectations #85,Apple and Microsoft reported quarterly earnings above analyst predictions.,Business
Olympic records broken #86,Multiple world records were broken at the Summer Olympics in track and field events.,Sports
SpaceX launches satellite #87,SpaceX successfully launched another batch of Starlink satellites into orbit.,Science/Technology
Peace talks resume in Middle East #88,Diplomatic negotiations continue between regional powers seeking stability.,World
Stocks rally on Fed news #89,Wall Street stocks surged after Federal Reserve announced interest rate decision.,Business
Lakers win championship #90,Los Angeles Lakers defeated Boston Celtics in game 7 to win NBA championship.,Sports
New AI breakthrough announced #91,Researchers at MIT developed a new machine learning algorithm that outperforms previous methods.,Science/Technology
UN summit addresses climate #92,World leaders gathered at UN headquarters to discuss climate change mitigation strategies.,World
Tech earnings exceed expectations #93,Apple and Microsoft reported quarterly earnings above analyst predictions.,Business
Olympic records broken #94,Multiple world records were broken at the Summer Olympics in track and field events.,Sports
SpaceX launches satellite #95,SpaceX successfully launched another batch of Starlink satellites into orbit.,Science/Technology
Peace talks resume in Middle East #96,Diplomatic negotiations continue between regional powers seeking stability.,World
Stocks rally on Fed news #97,Wall Street stocks surged after Federal Reserve announced interest rate decision.,Business
Lakers win championship #98,Los Angeles Lakers defeated Boston Celtics in game 7 to win NBA championship.,Sports
New AI breakthrough announced #99,Researchers at MIT developed a new machine learning algorithm that outperforms previous methods.,Science/Technology
UN summit addresses climate #100,World leaders gathered at UN headquarters to discuss climate change mitigation strategies.,World
